Sample	Error rate: mismatches (NM) / bases mapped (CIGAR)	Non-primary alignments (millions)	Reads Mapped in the bam file (millions)	% Mapped Reads	% Properly Paired Reads	% of Reads that are Ambiguously Placed (MapQ=0)	Total sequences in the bam file (millions)
SORT-1	4.495382	0	0.030607	98.0051232788985	14.57572846621838	68.02113352545629	0.031229999999999997
SORT-10	5.7308959999999995	0	0.044747999999999996	99.3472758758492	36.414901647351364	48.65680920030194	0.045042
SORT-100	5.911582	0	0.032385	99.26132532336173	38.01262796542635	46.05529332434255	0.032625999999999995
SORT-101	5.6684980000000005	0	0.035855	99.04148942047401	33.52853433511961	49.20722612010386	0.036202
SORT-102	5.348651	0	0.036826	99.12252368647717	32.14362618432386	50.79403531438415	0.037152
SORT-103	5.629196	0	0.039522	99.22671353251317	35.32513181019332	47.57218177253327	0.03983
SORT-104	4.923014	0	0.002434	28.487827715355806	4.4709737827715355	18.632958801498127	0.008544
SORT-105	4.908739	0	0.035334	99.69527679024885	20.557530613396537	61.08289599909712	0.035442
SORT-106	5.652337999999999	0	0.034364	98.7074165565577	37.44470615269719	44.944562532314585	0.034814
SORT-107	5.624587	0	0.036278	98.87707822294904	32.722812755519215	49.67293540474243	0.03669
SORT-108	4.780249	0	0.00011399999999999999	7.133917396745932	1.376720901126408	4.943679599499374	0.001598
SORT-109	6.034719	0	0.030282999999999997	98.86066858187516	39.05719509010186	44.32619482893706	0.030632
SORT-11	5.6517230000000005	0	0.043678999999999996	99.09478651481464	34.28467716321067	49.61885747992196	0.044078
SORT-110	6.123031	0	0.039813	99.12114723895832	83.66777871831897	40.19319822735647	0.040166
SORT-111	6.067152	0	0.03204	99.05397885364496	46.46014963210289	42.169047177394425	0.032346
SORT-112	6.0349189999999995	0	0.021124999999999998	99.19703230653644	38.47670924117205	44.66096919609316	0.021296
SORT-113	4.828366	0	0.029997	99.6247093988708	21.99269345732315	60.27565592826304	0.030109999999999998
SORT-114	5.64333	0	0.032264	99.09699612998341	32.49585355365809	50.36857300817004	0.032558
SORT-115	6.033694	0	0.026164999999999997	99.36579067294547	34.2169223758165	49.008810572687224	0.026331999999999998
SORT-116	5.883923	0	0.036648	99.18267929634641	40	46.503382949932345	0.03695
SORT-117	5.917473	0	0.038832	99.07133380957241	54.520869476477195	46.377181345035204	0.039196
SORT-118	5.994419	0	0.036591	98.6120842990352	79.59359672290196	38.3091683285722	0.037106
SORT-119	5.7260159999999996	0	0.040872	99.15574963609897	39.81077147016012	46.46773410965551	0.04122
SORT-12	5.620844	0	0.039969	99.37099099995027	32.28084133061508	55.21605091740839	0.040222
SORT-120	6.078011	0	0.038699	99.27911749615187	45.659312467932274	41.993329912775785	0.03898
SORT-121	4.8523	0	0.032972	99.73381730187538	21.076830006049608	60.9134906231095	0.03306
SORT-122	5.563777	0	0.03377	99.06712039427364	30.1513729171556	52.44954236094813	0.034088
SORT-123	5.579892999999999	0	0.03376	98.93910087333686	31.868003047886994	50.47183635191372	0.034122
SORT-124	6.021686	0	0.038209	98.97166243589079	38.165052064445945	44.77024296741439	0.038606
SORT-125	6.235538	0	0.039032	98.67030689114718	47.82850498002932	39.170332170483846	0.039557999999999996
SORT-126	5.872929	0	0.033593	98.83200941453369	35.939982347749336	46.88731979994116	0.03399
SORT-127	5.851712	0	0.039487	99.36336185203825	40.82033215903372	45.87065928535481	0.03974
SORT-128	5.518185	0	0.033999999999999996	99.07337257415934	34.93793344600501	48.80237776094178	0.034318
SORT-129	4.762573	0	0.035294	99.74564775039566	18.624236943251187	63.28849197377345	0.035384
SORT-13	5.266179	0	0.03607	99.21879298013974	27.006656764042468	58.675799086758	0.036354
SORT-130	5.835249	0	0.035732	99.34386120996442	34.68638790035587	48.55705071174377	0.035968
SORT-131	5.721815	0	0.033072	99.32128055739084	36.77097723587002	47.37221454742026	0.033298
SORT-132	6.347161	0	0.031264	99.23819197562214	48.152615540883694	39.753682072117826	0.031504
SORT-133	5.982188	0	0.042194999999999996	99.17967280932682	35.906355772846936	48.22536667920271	0.042544
SORT-134	6.357912000000001	0	0.040702999999999996	99.30952032401308	49.66085980578735	38.43019567657249	0.040986
SORT-135	6.198219	0	0.044173	99.2607073839378	81.63228618938476	36.789357781672734	0.044502
SORT-136	6.369540999999999	0	0.035155	99.3415847179835	48.813157002373686	38.75042387249915	0.035387999999999996
SORT-137	5.007168	0	0.038203999999999995	99.71289867933393	24.236571488228844	57.947486558438165	0.038314
SORT-138	5.552421	0	0.036493	99.22508021099571	31.85056283647833	51.8244602751645	0.036778
SORT-139	5.615988000000001	0	0.035496	98.81409721062302	32.13072768776794	52.85618840821781	0.035921999999999996
SORT-14	6.0948780000000005	0	0.044263	99.33348294434471	44.19210053859965	41.70780969479353	0.044559999999999995
SORT-140	6.4716700000000005	0	0.034406	99.20991926182238	84.47520184544406	33.65340253748558	0.034679999999999996
SORT-141	7.788657000000001	0	0.000416	97.65258215962442	90.14084507042254	24.413145539906104	0.000426
SORT-142	6.042754	0	0.041271999999999996	98.87403574337597	40.71199271716736	43.225049111206935	0.041742
SORT-143	6.078819	0	0.041433	99.08882192567083	40.603625579949295	42.842110297986316	0.041814
SORT-144	5.819642	0	0.038965	99.06691752262789	42.69297264314045	44.89474219465067	0.039332
SORT-145	4.900539	0	0.040056999999999995	99.68395381246266	21.297033645231934	59.32211825602229	0.040184
SORT-146	5.988312	0	0.039237	99.17850462565087	38.49653708103736	45.62711693038774	0.039562
SORT-147	5.413766	0	0.032826	96.83185840707964	82.62536873156343	46.474926253687315	0.0339
SORT-148	6.0138419999999995	0	0.037469999999999996	98.99603698811097	37.03038309114927	46.84544253632761	0.03785
SORT-149	6.2480269999999996	0	0.035095999999999995	99.0572960767711	44.37482359582275	41.19390347163421	0.035429999999999996
SORT-15	5.753394	0	0.044704999999999995	99.33561461203449	38.17438449915563	46.335881254999556	0.045003999999999995
SORT-150	5.931911	0	0.041224	98.92019004655181	38.83476508134569	44.980083505303064	0.041673999999999996
SORT-151	5.858782	0	0.04106	98.75414882870749	43.43162249266439	45.15128192794266	0.041578
SORT-152	5.785716	0	0.04229	99.38895417156287	35.91539365452409	48.62044653349001	0.04255
SORT-153	5.173102	0	0.045272	99.75321699277279	25.414242904988544	56.93856865855808	0.045384
SORT-154	5.865635999999999	0	0.040386	99.26752531707797	37.83305476354341	47.09468095565824	0.040684
SORT-155	6.888249	0	0.035137999999999996	99.49597915958772	87.63166836561332	30.753765998414316	0.035316
SORT-156	6.336599	0	0.037405	99.19119596923893	44.02015380535667	41.49562450278441	0.03771
SORT-157	6.729334	0	0.040053	99.32301740812379	85.99910727570303	30.989932053761844	0.040326
SORT-158	6.452107999999999	0	0.044191999999999995	99.46432590591942	85.25320729237002	34.175106909745665	0.04443
SORT-159	5.807668	0	0.039604	99.25814536340852	38.30576441102757	46.150375939849624	0.0399
SORT-16	4.676048	0	0.021551999999999998	98.9259157256954	16.717157807766455	72.11052969797117	0.021786
SORT-160	5.696136999999999	0	0.041632999999999996	99.01774247253009	34.81425105836465	48.35894020834324	0.042046
SORT-161	4.982743	0	0.033972999999999996	99.75042574431852	22.649597745023193	59.28122614363732	0.034058
SORT-162	5.905228	0	0.03616	99.11737295104435	38.375089085028236	45.521078888218845	0.036482
SORT-163	5.744582	0	0.030632	99.24831518921721	33.60549507516848	48.97291342664593	0.030864
SORT-164	5.820904	0	0.031894	99.08045977011494	32.76794035414725	49.39422180801491	0.032189999999999996
SORT-165	5.926016	0	0.029351	99.01160437187964	34.79287545540413	50.7050330589664	0.029644
SORT-166	5.787586	0	0.034546	99.29864903707963	41.776372520839324	45.37510778959471	0.03479
SORT-167	5.752013	0	0.035341	99.24459421510812	35.34400449311991	48.368435832631285	0.035609999999999996
SORT-168	5.70791	0	0.038571999999999995	98.94315616663246	34.12682126000411	49.26893084342294	0.038984
SORT-169	5.036792999999999	0	0.049944999999999996	99.72644862425622	25.881554251028316	56.03809752006709	0.050081999999999995
SORT-17	4.301197999999999	0	0.034663	99.26403207331043	12.783505154639174	73.96048109965636	0.03492
SORT-170	5.66511	0	0.046292	98.92721289054153	35.11561311279224	49.0639825618669	0.046793999999999995
SORT-171	6.084461	0	0.036653	99.00329533790719	38.171897790502946	45.613419048133544	0.037022
SORT-172	5.440181	0	0.043425	99.32070811033347	31.846667581537897	51.214491560312894	0.043722
SORT-173	5.873962	0	0.038988999999999996	98.70133157814794	35.88172750746798	47.80264290415675	0.039501999999999995
SORT-174	5.4147870000000005	0	0.037159	99.11709789277141	30.482795412109898	52.971459055748205	0.037489999999999996
SORT-175	6.042523	0	0.034744	98.66530357244278	80.7462940875788	37.67819617197705	0.035213999999999995
SORT-176	5.548599	0	0.031285	98.82802628253728	32.33510235026535	51.45943896891585	0.031656
SORT-177	4.657303	0	0.037488	99.58030069595706	20.793709823088776	62.55379057535993	0.037646
SORT-178	5.034508	0	0.019403999999999998	81.65979294672165	21.075667031394662	49.478158404174735	0.023762
SORT-179	4.555663	0	0.0027559999999999998	91.98931909212284	44.65954606141522	46.99599465954606	0.002996
SORT-18	6.119576	0	0.043761999999999995	99.48622351550422	45.73065381467673	40.61562244248431	0.043988
SORT-180	5.578804	0	0.03768	99.10052075114407	30.792698963757825	50.65488401451791	0.038022
SORT-181	6.386521	0	0.030056999999999997	98.98241454258053	42.45537772508727	41.73088322465916	0.030365999999999997
SORT-182	5.058546	0	0.036855	98.14390711546656	73.62590541116319	54.81998295696634	0.037551999999999995
SORT-183	5.336801	0	0.035195	98.66834875245304	29.756097560975608	52.685730305578915	0.03567
SORT-184	5.69309	0	0.036560999999999996	98.7814762779639	36.631362801253644	46.69836809683346	0.037011999999999996
SORT-185	4.797398	0	0.026713999999999998	99.6939841767428	19.898492312285416	63.330347813106435	0.026796
SORT-186	4.184028	0	0.000074	3.1014249790444257	0	2.347024308466052	0.002386
SORT-187	4.874904	0	0.003877	29.13285241959723	7.123534715960325	18.477607454162907	0.013307999999999999
SORT-188	5.698046	0	0.028428	99.38470144035799	37.442315760033566	47.50384561599776	0.028603999999999997
SORT-189	5.3146249999999995	0	0.027039999999999998	99.09843875980357	27.75782452539764	55.07219819687752	0.027285999999999998
SORT-19	5.947284	0	0.033503	99.32111941183446	36.683268113364164	48.025613660619	0.033732
SORT-190	5.437422	0	0.029643	98.92211172662351	32.690382433424546	51.274778081826064	0.029966
SORT-191	5.349761	0	0.022555	98.58816330098786	30.87682489728123	52.4302823673398	0.022878
SORT-192	5.059000999999999	0	0.051163	98.98812057423673	25.627829586348334	58.32914135355802	0.051685999999999996
SORT-193	4.395802	0	0.030587	99.33424266043129	15.04286827747467	69.20628734736295	0.030792
SORT-194	5.474801	0	0.03213	98.93459785687892	32.52863653159256	51.73050868333539	0.032476
SORT-195	3.496104	0	0.016345	71.45667570167001	5.735769869721081	60.16000699484131	0.022874
SORT-196	5.167764	0	0.028527999999999998	92.62337662337661	26.155844155844154	54.71103896103896	0.030799999999999998
SORT-197	5.70403	0	0.030069	89.71535982814179	30.659983291562238	46.27640529896169	0.033516
SORT-198	5.945449	0	0.037004999999999996	99.14000964475164	40.38471842683384	43.96935112254193	0.037326
SORT-199	5.6949510000000005	0	0.034638999999999996	99.18962258748067	38.02760437546532	46.443502663077716	0.034922
SORT-2	5.549485	0	0.044111	98.85039440659735	32.950878451057726	50.75743994263176	0.044624
SORT-20	5.797569	0	0.038422	98.63428659444473	86.09128715921344	41.795451044822094	0.038953999999999996
SORT-200	5.597075	0	0.032533	98.94464720194647	35.024330900243314	49.93613138686131	0.03288
SORT-201	4.158577	0	0.032056999999999995	99.03917449332674	12.629757785467127	72.69834404349976	0.032368
SORT-202	4.963082	0	0.008425	44.28616484440707	11.364592094196805	27.181455004205212	0.019024
SORT-203	5.39696	0	0.043491999999999996	99.14740345597957	32.198057721241966	50.930105320749554	0.043865999999999995
SORT-204	5.927575999999999	0	0.055622	99.48132780082987	36.757762197739304	48.020103019029904	0.055911999999999996
SORT-205	5.262964	0	0.038412999999999996	96.67539135249409	80.7620677505411	48.047012634016205	0.039734
SORT-206	5.6647	0	0.034054999999999995	96.80766388083461	82.09676502359429	44.843368014099724	0.035178
SORT-207	5.530575	0	0.035327	99.04396097342155	32.72401031737132	50.27475608388472	0.035668
SORT-208	5.730684	0	0.022934	99.15261565067013	37.16385646346736	46.54561175961954	0.023129999999999998
SORT-209	4.608855	0	0.042545	99.56238884208555	20.07862959842741	62.72348591219695	0.042732
SORT-21	5.931299999999999	0	0.036463999999999996	99.02237671084076	34.320008689984796	48.99793612861178	0.036823999999999996
SORT-210	5.270614	0	0.049110999999999995	99.19410220157545	27.84891941022016	55.994748535649364	0.04951
SORT-211	5.3626949999999995	0	0.044008	99.11265258321697	67.25823161118869	51.30399531552633	0.044402
SORT-212	5.696239	0	0.031554	99.74710754251754	86.23632800151736	40.91799962066132	0.031633999999999995
SORT-213	5.769843	0	0.043081	99.1233721411808	36.569877134048134	47.296488886843676	0.043462
SORT-214	6.130522	0	0.044102999999999996	98.96997441766527	42.44423499842915	42.758404021363496	0.044562
SORT-215	4.629389	0	0.00009499999999999999	6.089743589743589	0	4.807692307692308	0.00156
SORT-216	5.94033	0	0.041314	99.20756891749112	40.21707809048122	44.29449620593603	0.041644
SORT-217	4.787279	0	0.044077	99.66309410753856	21.661466105910552	60.726721837832955	0.044226
SORT-218	5.781533	0	0.038474	99.0474719390382	36.952939964988154	47.605807846771704	0.038844
SORT-219	5.3596070000000005	0	0.041357	98.89760390262566	29.19317040508872	56.73394232148835	0.041818
SORT-22	6.240818	0	0.038997	99.13315369362957	42.300066093853275	43.02709847984138	0.039338
SORT-220	6.236263	0	0.038937	99.2430035173574	50.466432176173726	38.08431462507009	0.039234
SORT-221	6.079721	0	0.039272999999999995	98.9742943548387	48.98689516129032	39.52872983870967	0.03968
SORT-222	6.005858	0	0.042898	98.96188982190644	38.47928393466827	45.14625818953585	0.043348
SORT-223	5.983733	0	0.039483	99.10889100858476	38.75696571113008	45.034891309804706	0.039838
SORT-224	5.608191	0	0.035501	99.24797316186749	34.53732177802628	49.70366228683254	0.035769999999999996
SORT-225	4.588456	0	0.044307	99.4277635653696	16.588124410933084	66.65769040886855	0.044562
SORT-226	5.281473	0	0.041770999999999996	99.11964311138532	28.598547767073228	58.421527217502735	0.042142
SORT-227	5.206386999999999	0	0.044513	99.07188960605386	29.05853549966615	58.93612285777877	0.04493
SORT-228	5.837011	0	0.03301	99.25431475133803	35.828973480064946	50.78176679295208	0.033257999999999996
SORT-229	5.736215	0	0.048075	98.89126589048422	35.02694697000864	50.796066976591106	0.048614
SORT-23	5.839952	0	0.041106	99.28985507246378	35.869565217391305	47.61352657004831	0.0414
SORT-230	6.467452999999999	0	0.043687	99.2345084499364	53.12102489551154	36.83672542249682	0.044024
SORT-231	6.311894999999999	0	0.042741	99.17625765732319	50.867829961017264	36.98487098570633	0.043095999999999995
SORT-232	6.740482	0	0.039518	92.09079045488441	80.33184190902311	27.679903057419835	0.042912
SORT-233	4.576994	0	0.033666	99.52110677545228	17.204682511528908	66.27645737259076	0.033828
SORT-234	5.362194	0	0.029085	99.0161367195479	32.60706747463743	53.373731871723294	0.029373999999999997
SORT-235	5.476456	0	0.050956999999999995	99.06489365838486	30.872117889498035	55.725339243360935	0.051438
SORT-236	6.307747	0	0.040659999999999995	99.04993909866016	50.148599269183926	38.56272838002436	0.041049999999999996
SORT-237	7.481959000000001	0	0.000544	98.55072463768117	61.95652173913043	31.15942028985507	0.000552
SORT-238	6.08608	0	0.042459	98.98125699365909	40.516598284222304	44.398079074972024	0.042896
SORT-239	5.991881	0	0.025248999999999997	98.80644908820537	39.5867574548016	45.05361195898881	0.025554
SORT-24	5.872708	0	0.043597	99.25553228303433	35.575084236408344	48.64083416810855	0.043924
SORT-240	5.670043000000001	0	0.029178	99.06967268776314	36.187695232921364	48.02390330028521	0.029452
SORT-241	4.660373	0	0.041481	99.4939077041159	18.147366401228055	66.86654514055455	0.041692
SORT-242	5.506805	0	0.029131999999999998	99.14913892859573	29.609965284868288	57.354843101218435	0.029382
SORT-243	5.546291	0	0.039999	98.93395993074449	32.8716299777393	52.72322532772693	0.04043
SORT-244	6.204912	0	0.035553	99.2379835873388	39.95422318986211	46.357394071344835	0.035826
SORT-245	6.237171	0	0.040241	99.18416642019126	45.218377205954845	41.08498471852509	0.040572
SORT-246	6.349304	0	0.048222999999999995	98.87840885790446	45.27373385277835	39.64937461554234	0.04877
SORT-247	6.488486	0	0.030468	99.00565412361084	50.731136673815556	38.87372457269123	0.030774
SORT-248	6.0224340000000005	0	0.043698999999999995	99.14915823387939	42.265281118119525	42.968643644779235	0.044073999999999995
SORT-249	4.61622	0	0.048534999999999995	99.55080608770562	17.873405259055666	67.34626902408007	0.048754
SORT-25	4.776575	0	0.037256	99.64161540518856	20.12837657127574	64.48783097084781	0.03739
SORT-250	5.6867220000000005	0	0.040103	98.82941495391592	33.229828971363794	51.45398984671496	0.040577999999999996
SORT-251	3.901478	0	0.000064	4.3478260869565215	0	2.7853260869565215	0.001472
SORT-252	6.477472	0	0.038468999999999996	99.1929245526275	53.313392811097934	34.730029395080194	0.038782
SORT-253	5.947469	0	0.035408999999999996	98.67629026864341	34.72856983613867	49.50395719540742	0.035884
SORT-254	6.380019000000001	0	0.043233	99.0038472107722	46.99551158743244	38.15837684345516	0.043668
SORT-255	5.415342	0	0.035096999999999996	98.7757514353259	28.700889339187214	55.513340087808174	0.035532
SORT-256	5.514456	0	0.034733	99.64711957769107	28.993573559788842	51.69841634151939	0.034856
SORT-257	4.8537360000000005	0	0.035629	99.56684551754974	20.439302481556002	63.243348982785605	0.035783999999999996
SORT-258	5.774814	0	0.039477	99.14858348402652	36.075949367088604	48.72161944946755	0.039816
SORT-259	5.401705	0	0.039570999999999995	98.92255387230638	30.643467826608667	54.08729563521823	0.040001999999999996
SORT-26	5.4705639999999995	0	0.045235	99.23873458821465	30.56908428765741	53.407046641218024	0.045582
SORT-260	5.949623	0	0.040129	99.31445824877494	39.083304459733704	45.95109637182597	0.040406
SORT-261	5.837587	0	0.041704	98.8199611392825	37.500592388986306	46.88166437609592	0.042201999999999996
SORT-262	5.5111229999999995	0	0.04691	98.64160148036	31.634283791740263	52.111195222474564	0.047556
SORT-263	5.462312	0	0.047015	98.91231170579819	29.26870318943028	54.09198013969536	0.047532
SORT-264	5.668734000000001	0	0.038692	98.85033978846252	37.10081242654948	47.02876705329314	0.039141999999999996
SORT-265	4.693707	0	0.039668999999999996	99.54579673776662	17.8168130489335	65.20451693851945	0.03985
SORT-266	5.810639	0	0.042739	99.02455977757182	36.97868396663577	46.916126042632065	0.04316
SORT-267	5.481878	0	0.03963	99.0106430819967	29.36091540498676	56.74811372607805	0.040026
SORT-268	5.180912	0	0.027476999999999998	99.0590525632706	25.171245223159566	59.46355180618645	0.027738
SORT-269	6.16609	0	0.024397	98.79727869118004	40.37417996274399	43.14813314975298	0.024693999999999997
SORT-27	5.762464	0	0.030588999999999998	99.03198653198653	37.01761201761202	48.044548044548044	0.030888
SORT-270	5.0326830000000005	0	0.030567999999999998	98.86797334885827	21.327382107510186	64.58697199042629	0.030917999999999998
SORT-271	6.092149	0	0.038127999999999995	98.51687251304843	40.49919900780321	43.155392486176424	0.038702
SORT-272	5.629162	0	0.039844	98.87339322050723	35.80822869621321	48.50861084917366	0.040298
SORT-273	4.489953	0	0.037101999999999996	99.50651719143914	14.815212143968246	67.75733519283376	0.037286
SORT-274	5.17634	0	0.036275	98.91203577466325	26.49288324153351	58.172001963243716	0.036674
SORT-275	5.8963090000000005	0	0.041158	99.16156700236111	36.91514479834241	47.43410591239821	0.041506
SORT-276	5.168883	0	0.032907	99.24900470503076	23.470865001809628	60.556158764627824	0.033156
SORT-277	6.312101	0	0.036687	99.05767361486122	43.12560751701048	41.74046873312452	0.037036
SORT-278	5.206703	0	0.033117	98.95715054084742	27.13201458196378	57.76609095798722	0.033465999999999996
SORT-279	4.96242	0	0.024492999999999997	98.92164781906301	19.96768982229402	65.8481421647819	0.024759999999999997
SORT-28	6.217051	0	0.037586999999999995	99.27367809413133	44.26601869948762	41.284137129575825	0.037862
SORT-280	5.465567	0	0.027770999999999997	98.66766147942869	30.55496340510197	53.318411141902935	0.028145999999999997
SORT-281	4.472961000000001	0	0.025459	99.17802882742501	12.917802882742501	71.65562913907286	0.02567
SORT-282	0.9240175999999999	0	0.002509	81.77966101694916	79.07431551499347	67.60104302477184	0.003068
SORT-283	4.839576999999999	0	0.013489	80.56020066889631	11.227902532250358	55.04061156235069	0.016744
SORT-284	4.882422	0	0.005706999999999999	62.907848324514994	10.295414462081128	42.69179894179894	0.009072
SORT-285	5.487667999999999	0	0.019745	98.98235412071385	31.26127932624825	52.99278123120112	0.019948
SORT-286	5.117868	0	0.016444	74.63689179375453	16.167392883079156	47.62618010167029	0.022032
SORT-287	5.2529699999999995	0	0.024263	98.67821701643078	27.444281763461852	56.53164145111437	0.024588
SORT-288	4.218234	0	0.024827	98.39489537095751	12.484147114774888	76.53376664552948	0.025231999999999997
SORT-289	4.7951760000000005	0	0.034365	99.62024582560296	19.237012987012985	64.21614100185529	0.034496
SORT-29	6.305853	0	0.040049999999999995	99.29587940695195	47.80582139138196	38.72911191550553	0.040333999999999995
SORT-290	5.35599	0	0.03825	98.75555096560983	33.1353919239905	51.53877930393473	0.038731999999999996
SORT-291	5.562409	0	0.036657999999999996	99.18826776340711	32.80480545484063	50.744087883543486	0.036958
SORT-292	5.881498000000001	0	0.042822	99.13417909065654	38.39244374479118	45.622279840725994	0.043196
SORT-293	6.110933	0	0.039268	99.28195792880258	39.411407766990294	44.766383495145625	0.039552
SORT-294	5.708335	0	0.040923999999999995	99.29635560731789	35.00266899597224	49.706410443053336	0.041214
SORT-295	5.7599089999999995	0	0.039054	99.44489712772459	35.66408637196985	48.67080871867998	0.039272
SORT-296	5.346273	0	0.026150999999999997	98.8845193980186	31.762837480148225	53.73969598426983	0.026445999999999997
SORT-297	4.662944	0	0.035389	99.49673864147547	16.346153846153847	67.60290148448043	0.035567999999999995
SORT-298	5.568923	0	0.045029	99.01270944192795	32.88623070495624	51.01587580808303	0.045478
SORT-299	5.660416	0	0.045008	98.9839454585441	33.648559489773476	50.14515064877941	0.04547
SORT-3	5.423879	0	0.037496	99.00718208703	30.397127165188003	53.50918884664132	0.037871999999999996
SORT-30	5.662557	0	0.040125	99.1524167243254	34.48650785806069	49.6441632895127	0.040468
SORT-300	6.382451	0	0.047751999999999996	98.92686969131967	49.64159933706236	40.07250880464056	0.04827
SORT-301	5.502188	0	0.042942999999999995	99.39588926951208	31.987778909360244	51.351726691972964	0.043204
SORT-302	5.771011000000001	0	0.043495	98.95122395122395	35.49458549458549	48.95577395577396	0.043955999999999995
SORT-303	5.699745	0	0.044468	99.22349161013923	37.71867190289183	47.09925026776151	0.044815999999999995
SORT-304	5.613074	0	0.027208999999999997	99.18708078156897	35.09040536599592	49.529746281714786	0.027431999999999998
SORT-305	4.828834	0	0.033329	99.67402356600276	21.568275614570247	60.0125605598421	0.033437999999999996
SORT-306	5.895983	0	0.041666999999999996	98.95739324561819	37.282097563292645	47.104925663800884	0.042106
SORT-307	5.761608	0	0.041735999999999995	98.62936005293506	33.70829000850742	49.657340013233764	0.042316
SORT-308	5.97295	0	0.042345999999999995	99.08278347138378	44.07319013524264	42.007113107772945	0.042738
SORT-309	5.882217	0	0.041971	98.87161366313309	36.13663133097762	46.763250883392224	0.042449999999999995
SORT-31	6.192454	0	0.038314999999999995	99.43167073234027	47.724087818549854	41.39980277157835	0.038534
SORT-310	6.137583	0	0.039587	99.20062146043202	39.99899764446449	44.69002155064402	0.039906
SORT-311	5.925111	0	0.018754	98.99704391891892	34.364442567567565	48.03103885135135	0.018944
SORT-312	5.609282	0	0.035767	98.98981512232923	33.51599690025463	52.20580095206465	0.036132
SORT-313	5.001328	0	0.040123	99.60528275656621	24.045479370438407	58.06315475894941	0.040282
SORT-314	5.288959	0	0.03683	98.9734494249167	28.42631409222831	55.165000537461026	0.037211999999999995
SORT-315	5.57761	0	0.040811	99.04620910591204	30.351422192020195	53.51422192020192	0.041204
SORT-316	5.89017	0	0.04162	98.85985748218528	37.919239904988125	46.21377672209026	0.0421
SORT-317	6.102548	0	0.04591	98.98663216903839	41.302285467874086	43.16300129366106	0.04638
SORT-318	5.992298	0	0.044481	99.17725752508362	39.44704570791527	45.569676700111486	0.04485
SORT-319	5.945272	0	0.041499	99.12339368461282	38.819089475947074	45.765059953183965	0.041866
SORT-32	5.935428	0	0.032209	99.23285476615933	40.741881816501326	44.956559245794566	0.032458
SORT-320	5.683025	0	0.034388	99.0380738436726	34.09941823627671	48.95167329070906	0.034721999999999996
SORT-321	4.932824999999999	0	0.040028999999999995	99.66387809979086	22.24380041828503	60.16830992928991	0.040164
SORT-322	5.360303	0	0.000087	3.471667996807662	0	2.314445331205108	0.002506
SORT-323	5.772625	0	0.045156999999999996	98.93738223566014	35.30520134963411	48.73362254064239	0.045641999999999995
SORT-324	6.745405	0	0.034711	99.02150967079363	46.84772065955383	39.076852855594225	0.035054
SORT-325	6.475601	0	0.035317999999999995	99.21901337228903	43.16777165973705	42.041240588830206	0.035595999999999996
SORT-326	6.544816000000001	0	0.042144	99.21838214521142	46.50155381862699	38.657124022977676	0.042476
SORT-327	6.407474000000001	0	0.042881999999999997	99.36969921675859	51.39732122167122	37.40557074662835	0.043154
SORT-328	6.005583	0	0.031754	98.9159553921874	38.63933711295247	46.69490997445642	0.032102
SORT-329	4.749674000000001	0	0.032441	99.67737970871997	20.05776439501014	62.68358630860935	0.032546
SORT-33	4.898609	0	0.043133	99.66495679097925	23.25893063450252	60.578122833772355	0.043278
SORT-330	5.9321	0	0.040947	99.37145075959812	39.13022375382226	46.427704703198565	0.041206
SORT-331	6.035923	0	0.03848	98.73755516781279	34.57867186698142	49.72800985322796	0.038972
SORT-332	6.530733	0	0.035207999999999996	99.37341236240475	52.503528083545014	36.61021732994637	0.035429999999999996
SORT-333	7.553513000000001	0	0.0006	99.00990099009901	60.726072607260726	37.78877887788779	0.000606
SORT-334	6.308208	0	0.030424999999999997	99.33072151485472	42.69017303297421	42.846882141691154	0.030629999999999998
SORT-335	6.304737	0	0.030355	99.18638086524638	44.242582668932165	42.32780028754411	0.030604
SORT-336	5.7569349999999995	0	0.039805	98.97309662340245	37.03814212541648	47.78208762245761	0.040218
SORT-337	4.965565000000001	0	0.041617	99.67666219582296	24.54493197930638	59.80551829852462	0.041752
SORT-338	6.105353	0	0.042970999999999995	99.05260246185054	40.09036005716657	44.83656816191047	0.043382
SORT-339	6.326497000000001	0	0.035382	99.27609427609427	42.75533108866442	42.309203142536475	0.03564
SORT-34	5.687285	0	0.045817	99.09806635809146	34.16100705108794	51.43400960332223	0.046234
SORT-340	6.101963	0	0.035237	99.29271866546439	39.57394048692516	46.875	0.035488
SORT-341	6.906191000000001	0	0.030233	99.00124435130002	84.06575414237999	34.29170214159408	0.030538
SORT-342	6.095293	0	0.028634	99.27882948477914	39.477151376464874	46.62298037584079	0.028842
SORT-343	6.581954	0	0.029252	99.32092896917017	47.92883335596903	38.136629091402966	0.029452
SORT-344	6.192454	0	0.0404	99.21901861584557	42.76241465690849	42.52910260818311	0.040718
SORT-345	5.077722	0	0.045946999999999995	99.78499761108456	23.693697606741086	60.207184120227595	0.046046
SORT-346	6.151612	0	0.042864	99.06628455209393	39.67366182860312	46.05250993806046	0.043268
SORT-347	6.538114	0	0.035047999999999996	99.06721691446661	45.80247611509978	40.276442987167165	0.035378
SORT-348	6.6411620000000005	0	0.038048	99.1866527632951	46.715328467153284	39.01720542231491	0.03836
SORT-349	6.147896	0	0.040505	99.25749852970006	37.42403450303862	47.18192511272299	0.040808
SORT-35	5.360983	0	0.034612	99.02157120787321	28.609029009555414	56.40556159523946	0.034954
SORT-350	6.363391	0	0.044296999999999996	99.12504475474401	49.252595775152166	39.53857858933047	0.044688
SORT-351	6.292446999999999	0	0.043539	99.25907349990881	45.12128396863031	41.0815247127485	0.043864
SORT-352	5.410454	0	0.03729	99.1070004783926	28.985276138840167	55.75399989369053	0.037626
SORT-353	4.966291	0	0.040074	99.66177567769212	22.521760756030837	62.18353643372295	0.040209999999999996
SORT-354	6.238878	0	0.041613	99.34348739495799	42.74255156608098	42.606474407944994	0.041887999999999995
SORT-355	6.374224000000001	0	0.039006	99.37834394904459	42.91974522292993	42.44076433121019	0.03925
SORT-356	6.108408	0	0.032345	99.24214531173294	38.41433480608739	46.36107020127639	0.032591999999999996
SORT-357	5.825631	0	0.033739	99.0342843724316	32.74040154984149	52.27486204062464	0.034068
SORT-358	5.195721	0	0.0040409999999999995	91.63265306122449	76.05442176870748	37.89115646258504	0.00441
SORT-359	6.195894	0	0.045336999999999995	99.2578159208337	82.0168140817935	38.304580085821875	0.045676
SORT-36	4.8609800000000005	0	0.000053	7.381615598885793	0	5.153203342618385	0.000718
SORT-360	5.416297	0	0.042974	99.19671298647339	27.067079082221507	56.816398134896815	0.043322
SORT-361	4.8751500000000005	0	0.038158	99.76469357874922	17.66889772014223	62.93139510562644	0.038248
SORT-362	5.013973	0	0.041009	98.5508987791983	20.037489185811786	64.7217148899356	0.041611999999999996
SORT-363	5.382207	0	0.03517	98.92551755175518	24.105535553555356	57.946107110711075	0.035552
SORT-364	5.256012	0	0.036881	98.98282340311326	23.47289318303811	58.04347826086956	0.03726
SORT-365	5.969504	0	0.031007999999999997	99.21290074870417	32.84699558456518	51.42061816087541	0.031254
SORT-366	5.414949	0	0.031229	97.46270519942576	24.24318082516697	56.8160539292179	0.032042
SORT-367	5.340897	0	0.037591	99.24754461928399	23.58221565107192	58.152920054916045	0.037876
SORT-368	5.651006	0	0.040069	98.80406371751245	33.00290970064606	50.47097696897963	0.040554
SORT-369	3.5569990000000002	0	0.021335	99.75219749392183	91.11651393304658	42.664110716289514	0.021388
SORT-37	5.906224	0	0.029035	99.2785338165903	38.165903029474116	47.10387745332695	0.029245999999999998
SORT-370	5.328523000000001	0	0.02758	95.92376182526434	24.71480244852532	54.37534780189204	0.028752
SORT-371	5.182009	0	0.036478	98.5252808988764	30.94749351771824	54.38094209161625	0.037024
SORT-372	5.660631	0	0.040575	99.43878051171454	29.952945789628465	52.57572786981668	0.040804
SORT-373	5.993393	0	0.0387	99.16465945779737	40.48582995951417	45.42868856659663	0.039026
SORT-374	5.478835	0	0.042192	99.07016060862215	27.9750164365549	53.099464637926175	0.042588
SORT-375	5.637341	0	0.025761	98.89059500959692	29.220729366602686	52.76391554702495	0.02605
SORT-376	4.931663	0	0.036921999999999996	98.85408299866131	17.311914323962515	65.38688085676037	0.03735
SORT-377	4.262312	0	0.020829999999999998	99.47468958930277	9.312320916905444	77.96084049665711	0.02094
SORT-378	1.818745	0	0.0019979999999999998	81.68438266557645	78.90433360588716	68.60179885527393	0.002446
SORT-379	6.135802	0	0.00044199999999999996	16.55430711610487	11.161048689138577	8.089887640449438	0.00267
SORT-38	5.876986	0	0.035887999999999996	99.43477779009199	37.58727695888285	47.24592707525213	0.036092
SORT-380	5.590316	0	0.029543999999999997	98.76312094671391	28.11392658955673	54.603195828040384	0.029914
SORT-381	2.1902	0	0.0042569999999999995	83.11206559937524	75.1269035532995	58.51229988285825	0.005122
SORT-382	4.185371	0	0.009722999999999999	71.22033401699385	65.5728098447114	25.97421623205391	0.013652
SORT-383	3.99041	0	0.019212999999999997	98.30638559148588	10.97011870650839	74.65718379042161	0.019544
SORT-384	3.4934439999999998	0	0.009942	96.73088149445418	94.14282934423039	20.470908737108388	0.010277999999999999
SORT-385	4.4545	0	0.027975999999999997	99.06515580736543	7.110481586402266	77.45042492917847	0.028239999999999998
SORT-386	5.179207	0	0.039027	96.45823035096392	25.477014335145824	57.56549678695008	0.040459999999999996
SORT-387	5.341041	0	0.040188999999999996	96.65464165464167	24.362674362674362	55.98124098124097	0.04158
SORT-388	4.9867870000000005	0	0.034908999999999996	94.1857327865314	56.642564213252754	58.331534642780056	0.037064
SORT-389	5.554112	0	0.042374999999999996	97.82759257549174	27.006187090220703	53.84153661464586	0.043316
SORT-39	6.011698	0	0.044922	98.95585514142215	40.210591241519076	43.7769847563662	0.045396
SORT-390	4.9230540000000005	0	0.03683	96.50455927051672	67.12608741222094	55.817000314432455	0.038164
SORT-391	5.234398	0	0.039298	96.3422407452807	29.865163030154452	55.12380485413091	0.04079
SORT-392	3.936874	0	0.012626	80.03296146044624	72.60395537525355	30.191430020283978	0.015776
SORT-393	4.557775	0	0.034919	99.36543167719537	11.023846110067726	70.98912981617438	0.035142
SORT-394	3.9486529999999997	0	0.00031499999999999996	8.663366336633663	0.44004400440044	6.6006600660066	0.003636
SORT-395	5.296843	0	0.028474	97.67425905598243	21.212952799121844	58.41794731064765	0.029151999999999997
SORT-396	6.264104	0	0.038793999999999995	98.43194966000203	80.73683142190195	40.251699989850806	0.039411999999999996
SORT-397	5.490962	0	0.029037999999999998	97.4887531054858	76.5191700799033	46.94823071241523	0.029786
SORT-398	5.775093	0	0.035435	97.9462656863287	79.31339488086682	44.264470119962404	0.036178
SORT-399	5.386135	0	0.043018999999999995	97.7926801545806	31.06615139804501	53.35303478063196	0.04399
SORT-4	5.853226	0	0.038831	99.40863243049512	38.354410936459985	46.49019507449695	0.039062
SORT-40	5.745696000000001	0	0.037959	99.29113261836254	36.97619670415904	47.88909233586189	0.03823
SORT-400	5.28219	0	0.016366	70.16205093029238	22.24984995284232	39.58244019549001	0.023326
SORT-401	3.607973	0	0.0006659999999999999	86.26943005181347	0	76.16580310880829	0.000772
SORT-402	5.529701	0	0.044522	97.64453022194928	32.7090095622423	52.80068427055005	0.045596
SORT-403	5.4300239999999995	0	0.030851	97.62974683544304	32.063291139240505	53.129746835443036	0.031599999999999996
SORT-404	4.896151	0	0.014463	87.68643142961076	9.991512064993332	64.62349945434703	0.016493999999999998
SORT-405	5.4510179999999995	0	0.039434	98.24115595416045	72.60587942202292	49.299950174389636	0.040139999999999995
SORT-406	5.5719650000000005	0	0.035072	97.76984834968778	77.90477252453168	45.64005352363961	0.035872
SORT-407	5.39231	0	0.037165	95.82559818481849	23.57157590759076	54.37551567656765	0.038784
SORT-408	5.174669	0	0.040718	97.02616403755421	69.060668159939	55.63551446408997	0.041965999999999996
SORT-409	4.812816000000001	0	0.042016	99.57813907190595	70.02891406361094	57.4584064084941	0.042193999999999995
SORT-41	4.832796999999999	0	0.040619999999999996	99.68098159509202	22.94969325153374	60.34355828220859	0.04075
SORT-410	5.433703	0	0.034404	90.93408045673203	71.68155627213618	44.32785325368716	0.037834
SORT-411	5.405951	0	0.033186	97.45683072947257	74.18066486549982	51.06014331023141	0.034052
SORT-412	5.481044	0	0.042577	96.93775328992305	73.95382723919676	46.62355994717909	0.043921999999999996
SORT-413	5.46979	0	0.039716999999999995	98.02793957942542	71.25580017770757	50.49116398459867	0.040515999999999996
SORT-414	5.6610059999999995	0	0.045783	98.37344220025784	79.89256553502364	44.97206703910614	0.04654
SORT-415	5.112794	0	0.036049	94.55723428811248	68.81229671597944	51.23281922148778	0.038124
SORT-416	5.505841	0	0.033735999999999995	97.3565739351264	78.02724229481703	46.31478702527993	0.034651999999999995
SORT-417	4.712621	0	0.047471	99.5950822423632	12.420275260154416	66.64358845250084	0.047664
SORT-418	5.441341	0	0.034367	96.77028777383568	77.02314580165569	47.558709241425916	0.035514
SORT-419	5.461747	0	0.029935999999999997	97.34018339077844	76.2372374325291	46.66710021460623	0.030754
SORT-42	5.616957	0	0.044309999999999995	99.27409598064256	35.87847829009275	48.84393063583815	0.044634
SORT-420	5.616155	0	0.027659999999999997	95.9217644610903	79.74060202524622	43.84796781800527	0.028835999999999997
SORT-421	5.506914	0	0.039291	97.47209129248326	73.54006450012403	48.682709005209624	0.04031
SORT-422	5.810395	0	0.047929	97.6468910439247	79.3496862521392	42.72675413576726	0.049083999999999996
SORT-423	5.67258	0	0.044657999999999996	97.40021810250818	74.3206106870229	44.6782988004362	0.045849999999999995
SORT-424	5.542527	0	0.038402	94.99802097763704	33.22283791806848	49.33455373045715	0.040424
SORT-425	4.860272999999999	0	0.036855	99.60810810810811	23.675675675675674	62.3027027027027	0.037
SORT-426	5.0678790000000005	0	0.039458	92.82488002258398	63.79975534017126	52.653618142467295	0.042508
SORT-427	5.788018	0	0.033145	96.81329594578806	78.44958523191961	42.683140553803014	0.034235999999999996
SORT-428	5.896255999999999	0	0.02777	89.05778975049708	75.15233147328587	37.05022128150856	0.031181999999999998
SORT-429	7.2070549999999995	0	0.000088	88	52	34	0.00009999999999999999
SORT-43	5.753363	0	0.044659	99.22458229648062	35.96249555634554	48.318076786349096	0.045008
SORT-430	5.935944	0	0.046002999999999995	98.41898078815626	43.609601643061914	43.710153609173766	0.046742
SORT-431	5.740982	0	0.04144	97.5885455915599	32.52637528259231	50.73709495101733	0.042463999999999995
SORT-432	5.882558	0	0.035486	98.43550624133148	33.447988904299585	48.49098474341193	0.03605
SORT-433	4.8834740000000005	0	0.032084	99.62118859839781	19.57399242377197	62.67776190771905	0.032206
SORT-434	5.711707	0	0.043532999999999995	97.28914316363473	38.76994591695347	47.31596120323604	0.044746
SORT-435	5.625617	0	0.036185999999999996	97.75772638858872	27.226064404581802	55.92986816511779	0.037016
SORT-436	6.107168000000001	0	0.040959999999999996	97.23672965530339	34.73554268350584	47.48361978919381	0.042123999999999995
SORT-437	6.283113	0	0.03516	97.9933110367893	46.03678929765886	41.647157190635454	0.035879999999999995
SORT-438	5.96432	0	0.047799	98.7827560552203	42.81226750433992	45.089691659089034	0.048388
SORT-439	3.922592	0	0.013372	81.91619701053664	5.439843175692232	69.33962264150944	0.016323999999999998
SORT-44	6.821503	0	0.036171	99.3435869266685	57.63251853886295	32.76297720406482	0.03641
SORT-440	4.088467	0	0.02285	96.66638463490989	88.78923766816143	37.66816143497758	0.023638
SORT-441	4.220402999999999	0	0.039418	98.72764614536894	7.744327004959175	78.40254470770927	0.039925999999999996
SORT-442	5.680683999999999	0	0.043945	98.02587552977916	29.993308052643318	51.07294222618782	0.044829999999999995
SORT-443	6.187887	0	0.032612999999999996	97.86052931644961	34.84966692672388	46.26417811918622	0.033326
SORT-444	6.642528	0	0.040153	98.31782566111656	85.24975514201762	31.787463271302645	0.04084
SORT-445	5.767262	0	0.034349	97.9832268370607	37.368781378366045	50.704586946599726	0.035056
SORT-446	5.643228000000001	0	0.047184	98.32048343404875	29.872890185455304	52.1629506147114	0.04799
SORT-447	5.730289	0	0.03247	97.94871794871794	32.26546003016591	50.37707390648567	0.03315
SORT-448	3.8148250000000004	0	0.015783	90.46772899231915	5.250487217700332	78.35033818640376	0.017446
SORT-449	3.343905	0	0.029508	98.6164026468819	4.458258137825012	85.51233206336475	0.029921999999999997
SORT-45	6.998289000000001	0	0.000512	96.60377358490567	60.37735849056604	32.264150943396224	0.00053
SORT-450	5.520766	0	0.021033	97.04253944818677	27.092368736735256	54.84451416443665	0.021674
SORT-451	5.629125	0	0.033274	98.2983751846381	29.9615952732644	51.429837518463806	0.03385
SORT-452	5.695176	0	0.031180999999999997	97.50156347717324	27.692307692307693	54.67792370231395	0.03198
SORT-453	5.4424779999999995	0	0.043823	98.05996867308122	25.446408592526293	57.4871335869322	0.04469
SORT-454	5.597632	0	0.050279	98.82267384724243	27.473564212429736	55.261606195212075	0.050878
SORT-455	5.70939	0	0.034255	98.50184034966644	32.47066942719117	49.63768115942029	0.034776
SORT-456	3.963564	0	0.008520999999999999	84.0998815633636	75.06908803789972	68.4761152783261	0.010132
SORT-457	4.788718	0	0.036295	99.62942629700797	18.1388965138622	63.79906670326654	0.03643
SORT-458	5.467967	0	0.03101	94.7680459629607	24.503392213189905	55.45810158303283	0.032722
SORT-459	5.9278900000000005	0	0.040109	98.01329358291385	33.06290015150775	49.29622208103221	0.040922
SORT-46	5.393291	0	0.036753999999999995	98.84890538432575	30.261954709267926	54.418804798020545	0.037182
SORT-460	5.122561	0	0.033894	96.6356845526601	23.35633232593944	57.27319381878314	0.035074
SORT-461	5.649867	0	0.040275	97.54650261577214	28.47800813795776	53.291513272621586	0.041288
SORT-462	5.079954	0	0.041666999999999996	97.74561321197335	23.257014169090738	59.35066153701792	0.042628
SORT-463	5.224482	0	0.021554	96.59406650533298	20.919602043560097	61.817692928206505	0.022314
SORT-464	5.315393	0	0.038447999999999996	97.73258769700051	28.246059989832233	52.92323335027961	0.03934
SORT-465	5.4010370000000005	0	0.002324	85.88322246858833	0	63.340724316334075	0.002706
SORT-466	5.421671	0	0.033492	97.07826086956521	27.443478260869565	54.24347826086956	0.034499999999999996
SORT-467	5.670776	0	0.044688	98.10326659641728	31.70003512469266	49.19652265542677	0.045551999999999995
SORT-468	5.4078599999999994	0	0.035377	98.06242377203681	30.352588978822485	52.12052333961636	0.036076
SORT-469	6.122466	0	0.037254999999999996	98.52171153541016	36.457396731369336	47.81826836621357	0.037814
SORT-47	5.9943290000000005	0	0.033055	99.19277397671348	41.88572800384108	42.4198775657184	0.033324
SORT-470	5.650663	0	0.040747	97.29000525285325	32.68707320567309	49.80421183324579	0.041881999999999996
SORT-471	5.588291	0	0.030372	98.33581557987438	30.965485980703235	51.94910315353235	0.030886
SORT-472	3.6805049999999997	0	0.016852	94.26110303165902	4.430025729947421	83.0685759033449	0.017877999999999998
SORT-473	4.4893089999999995	0	0.0254	99.39735462158566	11.794630977537764	71.16694059638414	0.025554
SORT-474	4.6085210000000005	0	0.029882	91.22046522986751	43.537456499175775	62.84876976616399	0.032757999999999995
SORT-475	4.754228	0	0.026019999999999998	94.12530748082767	20.58312834611489	64.27434524670814	0.027644
SORT-476	3.114867	0	0.005442	75.98436191008098	71.99106394861771	21.195196872382017	0.007162
SORT-477	5.198946	0	0.038513	98.44836400817995	24.92331288343558	56.68967280163599	0.039119999999999995
SORT-478	4.376363	0	0.023785	96.29554655870444	7.514170040485831	75.87044534412955	0.0247
SORT-479	5.097336	0	0.023115999999999998	97.61824324324324	21.993243243243242	60.836148648648646	0.02368
SORT-48	5.5936960000000004	0	0.041775	99.40748143917762	34.30896630496859	50.159432705120885	0.042024
SORT-480	4.378153	0	0.033853	96.77262592190269	8.312846606826369	77.24258189926248	0.034982
SORT-481	4.540078	0	0.030104	99.53709826742494	15.831239254066922	68.02010316095755	0.030244
SORT-482	5.509242	0	0.031479	90.99028789455429	31.25794889582611	45.892588738582496	0.034596
SORT-483	5.758341	0	0.026261	96.60462036492055	35.41053560918187	46.95041200706298	0.027184
SORT-484	5.939919	0	0.029932	97.52378469959598	37.29310569529519	46.0738954776489	0.030691999999999997
SORT-485	5.900834	0	0.030081	98.20122747453644	35.753460433533554	46.93784277879342	0.030632
SORT-486	6.0572029999999994	0	0.029738999999999998	98.25877221965241	41.28064494812661	41.76964250313884	0.030265999999999998
SORT-487	5.940994	0	0.029372	98.35911861228317	37.56613756613756	46.37331725939321	0.029862
SORT-488	5.5506079999999995	0	0.031018999999999998	97.3725514816675	34.57433450527373	47.61426418884982	0.031855999999999995
SORT-489	4.67652	0	0.027146	99.58911145351823	15.019443833003155	66.05033384694401	0.027257999999999998
SORT-49	5.542085	0	0.000034	13.600000000000001	0	10.8	0.00025
SORT-490	5.640382	0	0.033950999999999995	95.96099491237987	31.876766534765405	49.765404183154324	0.03538
SORT-491	5.547871	0	0.03547	98.03758982863461	31.12769485903814	50.51133222775014	0.03618
SORT-492	5.964408000000001	0	0.036532999999999996	97.27088769370042	33.361733851642796	48.25869322115129	0.037558
SORT-493	5.942265	0	0.033174999999999996	98.337087977235	37.182831396727536	46.08430163623429	0.033735999999999995
SORT-494	6.162242	0	0.034266	98.05414067418302	37.28037543638757	44.319807703313685	0.034946
SORT-495	5.902139	0	0.03142	98.57564158875573	36.958022212461564	45.89320449268997	0.031874
SORT-496	5.571019	0	0.013082	81.07337630143778	26.772434308378777	43.28210213187903	0.016135999999999998
SORT-497	4.8237000000000005	0	0.035387	99.69292314627	20.79107505070994	61.57876943881001	0.035496
SORT-498	5.3948540000000005	0	0.04546	94.7991825499437	25.716311465154106	54.16232222546608	0.047954
SORT-499	5.743124	0	0.037513	98.41798719697765	35.370972819813204	47.68338755378319	0.038116
SORT-5	4.755874	0	0.035267	99.04791327304386	17.873392124922766	67.5644554288603	0.035606
SORT-50	4.714645	0	0.0013469999999999999	55.569306930693074	1.8976897689768977	35.18976897689769	0.002424
SORT-500	5.853886	0	0.033652	96.51809786037974	36.99879538805713	45.27046406241037	0.034866
SORT-501	4.781017	0	0.000448	13.767670559311618	0	9.86478180700676	0.003254
SORT-502	6.010894	0	0.034089999999999995	97.94851166532582	38.51856108493277	45.25054591426273	0.034804
SORT-503	5.826093999999999	0	0.034455	97.91690348982608	35.381380015914516	46.69205410935546	0.035188
SORT-504	6.035855	0	0.038006	97.83257825370676	40.39847611202636	43.49258649093905	0.038848
SORT-505	4.8249439999999995	0	0.03092	99.69048233169977	21.96285787980397	60.836342532886256	0.031016
SORT-506	5.561037	0	0.044404	96.15834380007796	32.16250162415003	49.27238078738793	0.046178
SORT-507	5.761151	0	0.035183	98.16685267857143	36.177455357142854	47.377232142857146	0.03584
SORT-508	6.147159	0	0.033483	97.1986762656758	41.63376683697167	41.5611936832327	0.034448
SORT-509	6.411605	0	0.036594999999999996	98.43186830921513	46.82339017698639	37.454946473721016	0.037177999999999996
SORT-51	5.427742	0	0.036504999999999996	99.133717140995	32.21268737779709	51.955246578318494	0.036823999999999996
SORT-510	6.117623	0	0.032806	98.15690263898031	38.18442941774879	45.072108192208724	0.033422
SORT-511	5.914601	0	0.037686	96.64563779042929	36.89798430527774	44.92229573780582	0.038994
SORT-512	5.581601	0	0.030497999999999997	92.31747184889213	30.796706623077853	48.52887758808572	0.033035999999999996
SORT-513	4.833455	0	0.041680999999999996	99.57238413760153	21.6292403248925	60.363115145723846	0.04186
SORT-514	5.473062	0	0.030469999999999997	86.58709860755897	25.120772946859905	48.30065359477124	0.03519
SORT-515	5.608755	0	0.042702	95.51310727386597	33.30500134204169	47.128030777489485	0.044708
SORT-516	6.14903	0	0.031451	96.04531851218469	36.79838758932389	44.249679350149634	0.032746
SORT-517	6.078806	0	0.036219	98.33034696204594	39.892490633653686	43.337677146115	0.036834
SORT-518	6.4379800000000005	0	0.036085	98.08905077742742	50.038055887789504	37.721539632488856	0.036788
SORT-519	5.8986089999999995	0	0.036653	97.22281167108753	38.51458885941644	44.35013262599469	0.0377
SORT-52	7.372081	0	0.040255	99.51792336217552	89.13720642768851	25.634116192830653	0.04045
SORT-520	5.730245	0	0.034949	96.4216741157645	33.61474369585609	48.0770291894278	0.036246
SORT-521	4.80967	0	0.025706999999999997	99.5700673948408	20.86141451700364	61.80184367495546	0.025817999999999997
SORT-522	5.164893999999999	0	0.034732	84.75767484991947	21.16257504026551	51.918102396407825	0.040978
SORT-523	6.080074	0	0.050544	96.60919759929662	39.12611338353912	43.96574792614397	0.052317999999999996
SORT-524	6.554691	0	0.031883999999999996	96.37286906057308	46.29428122355217	36.531253778261394	0.033083999999999995
SORT-525	7.553922	0	0.0004919999999999999	99.19354838709677	87.5	30.241935483870968	0.000496
SORT-526	6.177709	0	0.03905	98.45199677289229	41.120411456232354	43.24072206534893	0.039664
SORT-527	6.116518	0	0.043047999999999996	97.9699590350478	40.02730996813837	43.598088302230316	0.04394
SORT-528	5.845016	0	0.040433	95.97199145502017	36.05032043674342	45.634939473059575	0.04213
SORT-529	4.93839	0	0.039316	99.71593791214366	23.780054783402658	58.810997260829865	0.039428
SORT-53	6.295875	0	0.037786	99.32705956574313	45.64428789232953	40.008411755428206	0.038042
SORT-530	5.929119	0	0.038776	88.47312220498311	34.6490827781327	41.20425298895683	0.043828
SORT-531	5.827007	0	0.04117	97.2550316545403	37.130303316639896	44.86912973636965	0.042331999999999995
SORT-532	6.163263	0	0.034277999999999996	96.77583286278939	35.46583850931677	47.134387351778656	0.03542
SORT-533	6.1161710000000005	0	0.03646	98.20610892635888	41.469590044712604	43.93147659322308	0.037126
SORT-534	6.1549119999999995	0	0.039327	98.49972449030707	40.99083304112609	42.99704453238491	0.039925999999999996
SORT-535	6.2086500000000004	0	0.045429	97.75143090760426	42.32904419675517	41.88578560055085	0.046473999999999994
SORT-536	5.753937	0	0.035708	91.36219424828575	33.12352880974312	44.18176235799815	0.039084
SORT-537	4.42556	0	0.000097	19.63562753036437	0	14.5748987854251	0.000494
SORT-538	5.763236	0	0.035725	90.3195631288871	29.76184456692117	47.529959043333164	0.039554
SORT-539	6.206305	0	0.02616	96.99666295884316	45.63589173155358	41.81683351872451	0.026969999999999997
SORT-54	5.933653	0	0.041860999999999995	99.06053291684415	38.69089876473094	46.575796298925646	0.042258
SORT-540	6.115219000000001	0	0.039105999999999995	96.80182187236991	35.36313678894995	46.68547947918214	0.040397999999999996
SORT-541	6.202737	0	0.040483	98.00755338207524	35.85919721105893	47.1335883406769	0.041305999999999995
SORT-542	6.3517	0	0.039848999999999996	98.46066416287805	59.06305593990907	39.87942281083218	0.040472
SORT-543	5.743807	0	0.033239	98.01545175748997	33.80514272234018	48.4105921207832	0.033912
SORT-544	5.752028	0	0.034422	95.65918185860383	33.32036460649178	46.85693641618497	0.035983999999999995
SORT-545	4.923254	0	0.038751	99.64258164052455	20.611982514785293	61.563383903317046	0.03889
SORT-546	5.7011970000000005	0	0.03265	87.8065834767642	27.39350258175559	45.41469449225473	0.037184
SORT-547	5.404763	0	0.039778	96.35676566057846	24.7953103047333	53.59963180078484	0.041282
SORT-548	5.6577269999999995	0	0.037058	95.89586999275437	40.197702101231755	46.25297588241383	0.038644
SORT-549	5.656623000000001	0	0.037218999999999995	97.6722825801711	29.74859602162389	51.278013961056004	0.038106
SORT-55	5.909109	0	0.034062999999999996	99.15870982766651	39.29902189101071	45.72659524918491	0.034352
SORT-550	5.867033	0	0.039834	98.20037471649738	40.7405581303619	46.1468297012129	0.040563999999999996
SORT-551	5.7646749999999995	0	0.036911	97.4728002535122	34.4776592373508	47.43847047639168	0.037868
SORT-552	5.487091	0	0.033337	86.89656970076113	28.865603169638206	44.62256281930977	0.038363999999999995
SORT-553	4.951938	0	0.046648999999999996	99.67309089355155	21.43070808939789	60.93329344899791	0.046801999999999996
SORT-554	5.286309	0	0.044478	92.98406990843333	22.385750721244303	54.16231132667141	0.047833999999999995
SORT-555	5.878018	0	0.038959	95.09153038808884	33.673419575299	46.07761776909934	0.04097
SORT-556	5.491490000000001	0	0.042813	96.16576819407008	30.718778077268645	49.813566936208446	0.04452
SORT-557	5.87175	0	0.038632	98.50076491585925	36.12952575216726	46.795002549719534	0.03922
SORT-558	5.4642219999999995	0	0.034644999999999995	98.28926463912846	30.747843849296412	51.427031320926005	0.035248
SORT-559	5.820459	0	0.0354	97.47232777135305	30.987389173412634	49.16294950162454	0.036317999999999996
SORT-56	5.258068	0	0.041322	99.00805060379528	28.94383745447575	55.99242859881157	0.041735999999999995
SORT-560	5.518899	0	0.030983999999999998	88.37925723087456	26.430486622168974	48.48536710593873	0.035058
SORT-561	4.8310770000000005	0	0.045198999999999996	99.64066840086416	17.66676954278912	63.20047616948107	0.045362
SORT-562	5.552287	0	0.040267	91.50759021907099	34.705935824015995	46.07990182710663	0.044004
SORT-563	5.457444000000001	0	0.042408	94.7029924073247	34.16703885663242	51.33765073693613	0.04478
SORT-564	5.180706	0	0.040089	96.13669064748201	24.85851318944844	56.122302158273385	0.0417
SORT-565	5.977262	0	0.041194999999999996	98.39256711569695	43.785229769752554	45.182478265023406	0.041867999999999995
SORT-566	5.57581	0	0.039300999999999996	98.40995592948718	30.118189102564102	51.40474759615385	0.039936
SORT-567	5.514732	0	0.036711	95.59160504114155	28.325174460993647	51.89042808040829	0.038404
SORT-568	4.977733	0	0.035019999999999996	87.76502430955841	23.87850233071024	52.32068567991579	0.039902
SORT-569	4.812556	0	0.03059	99.54441913439635	18.997722095671982	63.91799544419135	0.030729999999999997
SORT-57	4.765032000000001	0	0.042266	99.60409105905642	20.629683744167412	62.29438657680162	0.042434
SORT-570	5.258845999999999	0	0.037743	90.26834401607195	27.834114608246434	51.63828565961924	0.041811999999999995
SORT-571	5.5175	0	0.042317	95.48059566787003	29.923285198555956	49.851083032490976	0.04432
SORT-572	5.342569	0	0.039616	93.68142262580402	72.90957245554294	47.18123344684071	0.042288
SORT-573	5.544084	0	0.038127999999999995	97.67894655940974	73.77670748578163	46.13670133729569	0.039034
SORT-574	5.643734	0	0.033562	97.79707442158634	36.674631388775566	50.008741768168306	0.034318
SORT-575	5.338825	0	0.027482	93.03947457512358	24.334755230550478	53.47010630374432	0.029538
SORT-576	5.388334	0	0.029699999999999997	90.46052631578947	65.16812865497076	46.201876218323584	0.032832
SORT-577	4.17542	0	0.027877	99.10765073947668	13.64476678043231	77.38552332195677	0.028128
SORT-578	5.397687	0	0.030913	88.35314965130901	27.192180176060365	47.387675774551276	0.034988
SORT-579	5.808089000000001	0	0.025696999999999998	84.97123206137161	28.92004497057073	41.80940413993783	0.030241999999999998
SORT-58	6.227741	0	0.039935	99.09429280397022	43.727047146401986	40.898263027295286	0.040299999999999996
SORT-580	5.617146	0	0.031879	91.1297238579841	29.79246469612944	46.60396775484535	0.034982
SORT-581	5.595518	0	0.03427	95.50217367071674	28.759335637052725	49.832794560249695	0.035884
SORT-582	5.615726	0	0.034149	97.97727663969702	33.49400355769782	49.80203133069375	0.034853999999999996
SORT-583	5.715383999999999	0	0.029682999999999998	97.23204926624737	36.56970649895178	47.03223270440252	0.030528
SORT-584	2.844983	0	0.005175	56.54501748251748	53.19055944055944	13.035402097902098	0.009152
SORT-585	4.457304	0	0.036083	99.43507495590829	10.659171075837742	73.8205467372134	0.036288
SORT-586	5.873550000000001	0	0.041783	91.5049713109369	35.03569707853357	42.81459419210722	0.045662
SORT-587	5.857155	0	0.037297	89.44124700239809	33.73141486810552	41.38369304556355	0.0417
SORT-588	6.352831	0	0.039157	89.44038373686615	77.56966651439014	34.086340794883505	0.04378
SORT-589	5.718931	0	0.040609	96.27092124602912	40.258878194490535	44.67071262623868	0.042182
SORT-59	6.492853	0	0.0353	98.94607018724072	45.49837425720372	39.94562170646934	0.035676
SORT-590	6.234274	0	0.045848	98.34827748938179	48.243167875069716	40.467201510146296	0.046618
SORT-591	5.902407	0	0.037138	98.18114524401206	37.498017236821234	45.42113889916988	0.037826
SORT-592	5.857138	0	0.025778	95.88602886475228	34.079750037196845	47.06888855825026	0.026883999999999998
SORT-593	4.580886	0	0.0389	99.53940634595702	13.781985670419653	68.01944728761515	0.03908
SORT-594	5.792286	0	0.029703999999999998	86.41415022982487	29.801594228195725	43.17507418397626	0.034374
SORT-595	5.715613	0	0.029047	87.91464891041161	27.772397094430996	45.61743341404358	0.03304
SORT-596	5.534289	0	0.030226	86.90626797009776	73.88154111558367	39.074180563542264	0.03478
SORT-597	5.729038	0	0.035526999999999996	97.51056705275293	34.49525168798375	48.54531481583136	0.036434
SORT-598	6.01784	0	0.031868	97.3960880195599	37.10268948655256	45.5440097799511	0.03272
SORT-599	5.814889	0	0.040812	97.64103545624192	33.99205703622183	48.35159577013254	0.041797999999999995
SORT-6	5.782173	0	0.044376	99.38633818589025	38.75027995520717	46.13661814109742	0.044649999999999995
SORT-60	6.471536	0	0.0426	99.37946157794056	48.765921709513364	37.30462371109971	0.042866
SORT-600	5.881080000000001	0	0.032073	91.6738123820957	34.97398959583833	43.12868004344595	0.034985999999999996
SORT-601	4.6367	0	0.028686	99.54886174347585	13.235702387562466	71.32495835646863	0.028815999999999998
SORT-602	5.651089	0	0.033562999999999996	87.31723814974764	27.233466881731623	45.439408918257975	0.038438
SORT-603	5.856245	0	0.025387	86.55642686668939	29.730651210364815	42.20593249232867	0.02933
SORT-604	6.441905	0	0.025363999999999998	90.53398058252428	76.17075956596231	31.849657338663622	0.028016
SORT-605	5.6095939999999995	0	0.03327	96.00069252077562	80.74792243767313	42.28127885503232	0.034656
SORT-606	5.538497	0	0.031797	96.93025240824291	82.58139251310816	44.775027435678574	0.032804
SORT-607	6.2372190000000005	0	0.038873	98.24353012535381	48.175293166194905	40.07784067933684	0.039568
SORT-608	5.89043	0	0.027096	92.718313714755	34.676977826444016	44.55242266630167	0.029224
SORT-609	5.028427	0	0.038103	99.6938775510204	23.113553113553113	60.279958137101	0.03822
SORT-61	6.057578	0	0.042128	99.23678507490813	39.87562423442947	45.312352774898706	0.042452
SORT-610	5.676685	0	0.035487	85.36685109453933	27.14938657685831	44.28433966802983	0.041569999999999996
SORT-611	5.743218	0	0.040024	85.01635583499724	28.603594035430564	42.18318535196907	0.047077999999999995
SORT-612	6.391514	0	0.03059	90.01824495321053	38.126066741215936	38.15843681949268	0.033982
SORT-613	6.465475	0	0.041867	96.57900807381776	48.09688581314879	38.11764705882353	0.04335
SORT-614	6.517236	0	0.042790999999999996	98.32942690380992	59.18930097890528	38.42547911209155	0.043518
SORT-615	6.2459430000000005	0	0.044777	97.18074485632432	44.09236912926469	40.38327979859363	0.046076
SORT-616	5.900777	0	0.037186	92.4243177412139	35.129492469056025	42.30501565839837	0.040234
SORT-617	4.776464	0	0.035896	99.52864193423169	19.2314090833472	63.780291687461876	0.036066
SORT-618	5.55025	0	0.039708	86.54374264417419	27.35277450852186	44.56431716141406	0.045882
SORT-619	6.13326	0	0.043611	85.57216858959265	71.0854720979515	32.848677497841614	0.050963999999999995
SORT-62	5.851673	0	0.04355	99.04029837169107	36.1775675429819	47.518875648139726	0.043972
SORT-620	6.441767	0	0.029755999999999998	84.99285918309054	72.05369894315909	29.96286775207084	0.03501
SORT-621	6.4642669999999995	0	0.000404	93.51851851851852	72.22222222222221	40.50925925925926	0.000432
SORT-622	5.94189	0	0.038114999999999996	97.64063940977559	79.73152986986372	40.04252484885746	0.039036
SORT-623	6.09025	0	0.035976999999999995	96.58773625429554	43.06808419243986	43.26138316151203	0.037247999999999996
SORT-624	5.888245	0	0.031689	89.44115156646909	35.00987863392605	41.45639288738357	0.035429999999999996
SORT-625	4.384401	0	0.025921	99.37509584419567	15.29673362981138	69.92792516485201	0.026084
SORT-626	6.03869	0	0.028249	84.03438838648263	32.567824845311755	38.713707758210376	0.033616
SORT-627	6.30058	0	0.037864999999999996	87.96812563888115	42.082520211876215	36.885512498838395	0.043044
SORT-628	6.477368	0	0.018916	82.99403299403299	38.90838890838891	36.57423657423657	0.022792
SORT-629	6.021511	0	0.031832	92.88048552754435	42.168534080298784	41.25233426704015	0.034272
SORT-63	5.607304	0	0.041141	98.7826546292739	33.629466000768346	50.21369573568959	0.041648
SORT-630	6.111928	0	0.027937	96.84206877426512	38.03383250138658	44.20410427066001	0.028848
SORT-631	6.035087	0	0.026487999999999998	92.7645863977026	33.690551236254116	43.01674021152903	0.028554
SORT-632	5.710056	0	0.027077999999999998	90.53159478435306	30.544968238047478	44.399866265463054	0.02991
SORT-633	4.788531	0	0.045137	99.67978446181705	20.81180159886931	63.10012808621527	0.045281999999999996
SORT-634	6.0858229999999995	0	0.040622	90.68625262311917	41.2108764566683	39.12800821538599	0.044794
SORT-635	6.291958999999999	0	0.032444	85.5906716614784	70.2157969714557	31.45148525299425	0.037905999999999995
SORT-636	6.491149999999999	0	0.030577999999999998	86.4175898711282	41.98507800135655	34.71342979877911	0.035384
SORT-637	6.212801	0	0.031291	97.2797363675931	45.37088851582416	42.293104520300936	0.032166
SORT-638	6.136042	0	0.03284	97.17701367106586	35.941291353494705	45.75960229626561	0.033794
SORT-639	5.50152	0	0.021789	93.95050017247326	29.337702656088304	50.064677474991385	0.023191999999999997
SORT-64	5.623261	0	0.041617	99.19201067785299	34.06425779387931	50.26456287539327	0.041956
SORT-640	5.665068	0	0.02762	72.87983534751174	23.29410522982743	37.872710961000585	0.037898
SORT-641	4.667294	0	0.039118	99.38011279914637	18.95737005233474	64.87221177785682	0.039362
SORT-642	5.572011000000001	0	0.03766	85.64151544094237	71.25119388729703	39.31414017373903	0.043974
SORT-643	6.432893000000001	0	0.0325	85.16325140191813	75.64593050678685	31.478958125884386	0.038162
SORT-644	5.432406	0	0.028748	75.85224274406332	64.34300791556728	34.844327176781	0.037899999999999996
SORT-645	5.730156	0	0.032265999999999996	94.794053704683	31.141665197720197	48.93354486162524	0.034038
SORT-646	5.815253	0	0.046465	98.38859950027528	37.470884682166606	48.466946173717865	0.047226
SORT-647	5.483491	0	0.018203	74.49864942293526	26.14389784726201	40.27993779160187	0.024433999999999997
SORT-648	5.457436	0	0.027787	76.72999392500138	22.27867675484619	41.80151322692881	0.036213999999999996
SORT-649	4.979693999999999	0	0.034633	99.6231733977678	22.862731561385342	59.60764008744679	0.034763999999999996
SORT-65	4.149262	0	0.036513	99.1446725317693	9.19952210274791	79.54816987075051	0.036828
SORT-650	5.949002	0	0.041545	86.54847714678556	32.16115995166868	40.98787550518728	0.048001999999999996
SORT-651	5.867355	0	0.021942	72.9940119760479	31.19760479041916	33.74251497005988	0.03006
SORT-652	5.304739	0	0.021703	74.09190222586372	17.93663798989485	41.970503891847606	0.029292
SORT-653	5.608274	0	0.022371	92.75644746662243	36.719462642010114	46.260054730906376	0.024118
SORT-654	5.468784	0	0.036691	98.34619920660448	28.58368178406776	53.637289589364215	0.037308
SORT-655	5.592306	0	0.033236999999999996	96.55182430862189	36.21310713455729	49.28538229142459	0.034423999999999996
SORT-656	5.336831999999999	0	0.031631	87.77611277611278	24.281274281274282	49.66422466422466	0.036036
SORT-657	4.950349	0	0.037732999999999996	99.68561766881538	22.804607418366267	59.11180386769524	0.037852
SORT-658	5.892086	0	0.028981	79.95199735157802	32.139704259545354	35.974398587508276	0.036247999999999996
SORT-659	7.111421	0	0.035155	87.3416149068323	78.16645962732919	24.819875776397517	0.04025
SORT-66	5.924398	0	0.040852	98.8673765730881	37.35721200387221	45.73330106485963	0.041319999999999996
SORT-660	6.0483910000000005	0	0.033717	85.40706216120371	31.384568620497493	40.070418967526216	0.039478
SORT-661	6.092919	0	0.036796999999999996	97.12558728818033	42.17916908620599	44.36731246370691	0.037885999999999996
SORT-662	5.368946	0	0.037233999999999996	97.91721453742176	27.891442697101983	53.73954662599274	0.038026
SORT-663	5.481624999999999	0	0.03303	96.85648935546303	27.623013313002172	54.17570816960882	0.034102
SORT-664	5.348521	0	0.026718	71.14933958244566	20.552833404345975	38.519919045590115	0.037551999999999995
SORT-665	4.954341	0	0.030664999999999998	99.73655109607755	82.27411695830352	52.244194366746896	0.030746
SORT-666	5.596432	0	0.030355	81.43746311101572	25.331330149702204	42.94682620593443	0.037274
SORT-667	5.486014	0	0.028242	81.12253691043833	24.42120985810306	43.479634629746656	0.034814
SORT-668	5.3556289999999995	0	0.014664	82.67929634641408	21.58322056833559	48.06608028867839	0.017736
SORT-669	5.7261239999999995	0	0.027083	84.29193899782135	28.278867102396514	42.66417678182384	0.03213
SORT-67	5.240865	0	0.025848	99.22456813819578	26.20345489443378	57.81957773512476	0.02605
SORT-670	6.034703	0	0.020836999999999998	78.93999090771328	62.93377784512805	32.826943476284285	0.026396
SORT-671	0.4000254	0	0.004177999999999999	46.043641172581005	38.96848137535817	23.70509147013445	0.009073999999999999
SORT-672	2.827776	0	0.00043	2.5841346153846154	0	1.9651442307692308	0.01664
SORT-673	4.689335	0	0.029984999999999998	99.58485552972435	17.502490866821656	66.60577881102624	0.030109999999999998
SORT-674	5.264513	0	0.029265	88.77866763742264	28.267200582453583	52.099259798568134	0.032964
SORT-675	5.271291	0	0.035616999999999996	91.60751028806584	65.4269547325103	49.71965020576132	0.03888
SORT-676	5.442338	0	0.040811	96.37965237105611	69.19516342338939	53.3322312488192	0.042344
SORT-677	5.694172	0	0.04022	97.5030303030303	78.25454545454545	44.86545454545455	0.041249999999999995
SORT-678	5.540087	0	0.043731	97.9110693175712	74.74476088124663	48.54692817481641	0.044663999999999995
SORT-679	6.02372	0	0.042394	96.57387580299786	77.38393548681033	40.022324479475145	0.043898
SORT-68	6.090349	0	0.033476	99.27639383155397	42.010676156583635	42.956702253855276	0.03372
SORT-680	5.687647	0	0.026754999999999998	74.73046198536395	57.214680744092504	35.539913971286516	0.035802
SORT-681	4.982753	0	0.035709	99.63448660714286	22.103794642857146	60.94029017857143	0.03584
SORT-682	5.188998	0	0.028523	85.91782637508284	16.555214169528284	56.027471534429786	0.033198
SORT-683	4.995459	0	0.039165	93.11254814321715	25.842803480576293	58.51362274737293	0.042061999999999995
SORT-684	5.554984999999999	0	0.031283	90.90195850525949	65.35712210147034	46.45202533852502	0.034414
SORT-685	5.70663	0	0.036957	97.40393231774814	75.87370196615886	48.2394180591429	0.037942
SORT-686	5.2031019999999994	0	0.033158	96.85126767145694	57.90980254702652	58.97301086575535	0.034235999999999996
SORT-687	5.629929000000001	0	0.040081	92.36956120943954	72.71386430678466	42.49861725663717	0.043392
SORT-688	5.480626	0	0.018068999999999998	91.2023016353725	31.021603068847163	49.13183928931961	0.019812
SORT-689	4.999895	0	0.040951999999999995	99.76126674786845	24.321559074299635	58.48233861144945	0.041049999999999996
SORT-69	5.506036	0	0.036802	98.89288977266621	31.18181329607137	52.24377922287311	0.037214
SORT-690	5.228589	0	0.032992	85.95248020008337	30.132346811171324	55.077636515214664	0.038384
SORT-691	5.570810000000001	0	0.037781999999999996	94.46917037555633	26.80402060309046	51.06265939890984	0.039993999999999995
SORT-692	5.8038	0	0.033818	95.6553713865475	76.42133846240878	42.476098885557505	0.035354
SORT-693	5.840295	0	0.034547	97.66212472437384	77.54282806581104	42.04500480578957	0.035373999999999996
SORT-694	6.060506	0	0.039813999999999995	98.07370184254607	78.66292245541433	39.31668144644792	0.040596
SORT-695	5.731797	0	0.046609	93.03936442031299	74.90817630150111	42.64412328329607	0.050095999999999995
SORT-696	5.608442999999999	0	0.026267	83.88260841796001	41.10621447275979	45.382257137382645	0.031314
SORT-697	5.272236	0	0.026333	99.88999317198999	22.540019725362264	57.0707837038161	0.026362
SORT-698	5.023213	0	0.029259	83.59714285714286	21.102857142857143	52.739999999999995	0.034999999999999996
SORT-699	5.476236999999999	0	0.038659	93.2800887945179	23.41472830807837	53.64347070746067	0.041443999999999995
SORT-7	5.801577	0	0.044003	99.30715414127737	38.45633039945836	46.70051907018732	0.044309999999999995
SORT-70	5.84272	0	0.045280999999999995	99.1742958517675	37.37351614174953	46.024793026413775	0.045658
SORT-700	5.848351	0	0.031987	91.5798213467705	38.456252863032525	41.642808062299586	0.034928
SORT-701	6.074414	0	0.035508	97.20762155059133	77.75952693823915	38.52113447218572	0.036528
SORT-702	5.913033	0	0.035316	98.06731089636787	79.81783849827835	42.938464956125735	0.036011999999999995
SORT-703	6.0159530000000006	0	0.038206	96.13990941117262	80.37242073477604	40.070457976849525	0.03974
SORT-704	3.300869	0	0.00024599999999999996	2.6332691072575463	0	2.0338257332476983	0.009342
SORT-705	4.905151	0	0.036036	99.7563946406821	21.653194552098327	60.248034547669135	0.036123999999999996
SORT-706	5.65147	0	0.030511999999999997	88.4610924272295	29.218369476980172	47.12976922184854	0.034492
SORT-707	5.635744	0	0.038416	91.18875807064185	31.47075579187239	45.06978731484998	0.042128
SORT-708	5.912267	0	0.038239999999999996	96.23999597322192	34.157145014345396	48.89263602959682	0.039734
SORT-709	5.501109	0	0.041817	98.24499577107414	31.10140024433794	53.01193496851799	0.042564
SORT-71	5.562113	0	0.048795	98.96762940126563	33.855265292876844	49.995943533993184	0.049304
SORT-710	6.2511220000000005	0	0.040723999999999996	98.6531007751938	43.21705426356589	41.712693798449614	0.04128
SORT-711	5.831193	0	0.042075999999999995	97.61507052709726	35.91778025241277	46.86108017817372	0.043103999999999996
SORT-712	5.907569	0	0.040656	91.93614038261498	35.059472660666636	42.60775179774773	0.044222
SORT-713	4.827658	0	0.034867999999999996	99.62285714285714	20.948571428571427	61.96857142857143	0.034999999999999996
SORT-714	4.651398	0	0.030872999999999998	90.52072949041225	16.94716472174984	63.37594558142262	0.034106
SORT-715	5.5235069999999995	0	0.04491	87.8349305691375	27.318599647956187	46.70839037746919	0.051129999999999995
SORT-716	6.232382	0	0.044761999999999996	96.85809494958238	48.1845328255507	39.790972432596185	0.046214
SORT-717	7.0270529999999995	0	0.0009429999999999999	94.8692152917505	78.87323943661971	34.1046277665996	0.0009939999999999999
SORT-718	6.076614	0	0.046168	98.7044084320349	41.01851455937059	42.92769487322016	0.046773999999999996
SORT-719	5.611071	0	0.039550999999999996	97.99068430702145	34.94375898121996	49.041177345027506	0.040361999999999995
SORT-72	4.639486000000001	0	0.000073	3.628230616302187	0	2.5347912524850895	0.002012
SORT-720	5.376611	0	0.032464	94.70797596125794	27.965458894918022	50.70599218157419	0.034277999999999996
SORT-721	4.815421000000001	0	0.03557	99.63585434173669	16.66106442577031	63.88515406162465	0.035699999999999996
SORT-722	5.490444	0	0.029394	84.59191895936456	24.25463336019339	45.965235409232186	0.034748
SORT-723	6.097528	0	0.033703	89.82197111028198	37.5246522040403	39.6567347156335	0.037522
SORT-724	6.245217	0	0.038721	95.36252585952123	37.001280662003744	44.675401438281945	0.040604
SORT-725	5.751110000000001	0	0.045294999999999995	98.24527155995142	42.512580253340275	46.275811209439524	0.046104
SORT-726	6.094966	0	0.044416	98.39174161534713	37.853883301581675	44.918257941606484	0.045141999999999995
SORT-727	6.119120000000001	0	0.037318	98.1174738391965	46.69506231266761	41.565441447126254	0.038034
SORT-728	5.0974260000000005	0	0.026862999999999998	79.43402921521083	61.564847122833996	42.27038855047608	0.033818
SORT-729	4.799238	0	0.043239	99.65199354690021	20.465545056464624	61.765383728969816	0.04339
SORT-73	4.556878	0	0.042943999999999996	99.46266444320919	17.671854734111545	66.4697980359459	0.043176
SORT-730	5.447144000000001	0	0.034942	90.01494152197435	27.312071719305475	50.47143077953527	0.038818
SORT-731	5.560951	0	0.036058	90.0414523298207	28.102681915796836	49.265844279079055	0.040046
SORT-732	5.7945150000000005	0	0.035939	95.37951167728238	33.131634819532906	47.92993630573248	0.03768
SORT-733	6.061871	0	0.039318	97.94728713068606	41.80658661750785	43.44825868168004	0.040142
SORT-734	5.981973	0	0.042776999999999996	98.121387283237	38.86136342783742	44.73804936232682	0.043595999999999996
SORT-735	5.840421	0	0.040364	97.92808966956184	41.91372701247028	44.342277645688775	0.041218
SORT-736	5.274734	0	0.03687	93.18606884698984	29.323156245261085	51.056462619420714	0.039566
SORT-737	5.156657	0	0.039422	99.75707272635255	23.49309175565565	58.67705855559492	0.039518
SORT-738	5.603782	0	0.033718	87.18969797269342	31.03537443111295	42.80616466694249	0.038672
SORT-739	5.0126919999999995	0	0.030532999999999998	91.96686746987952	22.951807228915662	54.21385542168675	0.0332
SORT-74	6.2111149999999995	0	0.046275	99.21740994854203	45.82332761578044	39.412521440823326	0.04664
SORT-740	0.4695093	0	0.004651	52.60122144311242	44.49219633567066	11.411445374349695	0.008842
SORT-741	5.70444	0	0.034662	96.92953020134229	29.07158836689038	53.145973154362416	0.03576
SORT-742	5.911784	0	0.04362	98.48279599024654	34.15063668382552	48.64083807459586	0.044292
SORT-743	5.814273	0	0.043991999999999996	97.94282660967139	33.3466916021017	48.05637189420251	0.044916
SORT-744	5.850549	0	0.033687999999999996	91.16198517075283	33.69594631163068	44.22525301726471	0.036954
SORT-745	4.685283	0	0.037551	99.64706506740261	18.34730920284471	63.79895977072497	0.037683999999999995
SORT-746	5.63916	0	0.03504	88.79428310779991	29.851502711469262	46.08737519639147	0.039462
SORT-747	5.954154	0	0.030934999999999997	88.68470844561665	47.36540335989909	42.85304741700591	0.034881999999999996
SORT-748	5.608572	0	0.032984	94.7652703556858	28.69620180428662	49.1869217950928	0.034806
SORT-749	6.100836	0	0.036171	97.62226060671489	37.57961783439491	44.68314800820469	0.037052
SORT-75	6.393957	0	0.032119	98.97386909897695	43.00505361765069	41.37495377788734	0.032452
SORT-750	5.234317	0	0.03571	98.43973977285258	27.2080714521998	55.66214577130886	0.036275999999999996
SORT-751	6.243976	0	0.035879	98.26632340052586	40.945442594215606	42.20256354075372	0.036511999999999996
SORT-752	5.720853	0	0.033545	86.32269686052496	29.619145651055067	43.229541945445185	0.03886
SORT-753	5.348493	0	0.031992	99.73812196034419	38.42748472378102	49.64771168474872	0.032076
SORT-754	5.779872	0	0.033662	88.45850633310559	29.93640615966784	45.20418352866978	0.038054
SORT-755	6.180026000000001	0	0.033243999999999996	91.84947781400233	41.44885892689396	39.50654804663756	0.036194
SORT-756	5.3786130000000005	0	0.034886	93.9664924850509	25.62085869740882	51.34407154016053	0.037126
SORT-757	6.436449	0	0.033793	97.70151497629236	54.96704059211287	40.22782467907945	0.034588
SORT-758	5.553685	0	0.035691	98.11689025731252	31.9331427314713	51.71541675830218	0.036376
SORT-759	5.177086999999999	0	0.031083999999999997	97.81609918811756	28.3025992825225	55.60765309333501	0.031778
SORT-76	4.962349	0	0.031874	99.20941235059762	23.462400398406373	60.90948705179283	0.032128
SORT-760	5.372987	0	0.032541	90.64850409493566	29.09354281575575	49.27572566716808	0.035898
SORT-761	4.8345899999999995	0	0.027379999999999998	99.38294010889292	17.611615245009073	65.6769509981851	0.027549999999999998
SORT-762	5.474173	0	0.030115999999999997	86.97008201455469	23.368372415386393	47.60309576065612	0.034628
SORT-763	4.893125	0	0.002451	38.296875	6.71875	24.265625	0.0063999999999999994
SORT-764	5.524299	0	0.012929999999999999	76.75412560845305	20.515255847085363	47.11504214650362	0.016846
SORT-765	5.9579830000000005	0	0.015396	96.12887112887113	49.388111888111894	45.211038961038966	0.016016
SORT-766	5.011112	0	0.0058649999999999996	62.9021879021879	11.668811668811669	40.186615186615185	0.009323999999999999
SORT-767	5.651014	0	0.020118999999999998	97.3719872229213	29.493756654728486	53.068434807859845	0.020662
SORT-768	5.644883	0	0.032214	90.08893114827451	31.064377202304378	45.53666312433581	0.035758
SORT-77	5.120926	0	0.034578	99.03196242410355	23.719784625959445	61.53625844884867	0.034915999999999996
SORT-78	5.03286	0	0.03751	99.20131175288269	23.029726012905954	61.25304136253041	0.037812
SORT-79	5.653645	0	0.039722	99.13646800439253	35.160227613057806	48.537486273335325	0.040068
SORT-8	4.758196	0	0.038936	98.97808734556916	23.14810107275408	63.24673343840561	0.039338
SORT-80	5.13463	0	0.039826	99.14363953198905	27.06995270102066	56.8284789644013	0.04017
SORT-81	4.479148	0	0.039015999999999995	99.36837815810921	15.62245313773431	69.38671556642217	0.039264
SORT-82	5.343191	0	0.039268	99.20671012076197	29.821636097215908	53.8123389419433	0.039582
SORT-83	5.723928	0	0.036611	99.64345980077296	35.83365086277285	47.866202166458	0.036742
SORT-84	5.166513999999999	0	0.036216	99.23823094207268	24.765714912040334	58.65621746040445	0.036494
SORT-85	6.0187919999999995	0	0.037580999999999996	99.09033380794178	39.40832146812213	44.38116331804039	0.037926
SORT-86	5.2196869999999995	0	0.040431999999999996	99.35128759583252	26.63652447414979	55.61971692549636	0.040695999999999996
SORT-87	5.205498	0	0.037496999999999996	99.19316438283688	27.882122639013808	54.90450240728004	0.037801999999999995
SORT-88	4.50116	0	0.032587	99.25982333231799	16.424002436795615	68.26682911970758	0.03283
SORT-89	4.186883	0	0.03048	99.10905898419718	10.398647330428561	74.87481303245106	0.030754
SORT-9	4.289058	0	0.033259	99.20952153680945	15.445650876983654	71.63822932824246	0.033524
SORT-90	1.365961	0	0.0050279999999999995	74.31274017144545	71.62281998226426	58.83830919302394	0.0067659999999999994
SORT-91	4.046456	0	0.004461	48.18535320803629	5.703175631885936	36.49816375027004	0.009257999999999999
SORT-92	4.713139	0	0.026119	93.18895390323961	19.20222634508349	62.61238761238761	0.028027999999999997
SORT-93	5.303027	0	0.030240999999999997	98.76224689745264	27.080339647289353	56.85173089483997	0.030619999999999998
SORT-94	5.123544	0	0.025366	98.73112252841352	27.004515024132026	55.70994862213918	0.025692
SORT-95	4.527169000000001	0	0.021769	75.01378359751895	11.247415575465196	54.64851826326671	0.029019999999999997
SORT-96	5.085516999999999	0	0.040108	98.69580195875781	22.90467050543826	62.16595304887051	0.040638
SORT-97	5.089779	0	0.033104	99.77094635322483	24.96684749849307	57.613019891500905	0.03318
SORT-98	5.477485	0	0.032632	96.6244225986024	34.80990169371076	46.95605827312567	0.033771999999999996
SORT-99	5.47241	0	0.028152	98.91777933942375	28.98805340829234	54.31131412508784	0.02846
