"","location","timepoint","f1","f2","f3","m","u","area"
"1","Blabergsholmen","Timepoint 1",13,41,5,32,0,"Kristineberg"
"2","Katten","Timepoint 1",28,26,6,27,0,"Kristineberg"
"3","Pittleholmen","Timepoint 1",21,30,14,33,0,"Kristineberg"
"4","Rodberget","Timepoint 1",34,39,5,31,0,"Kristineberg"
"5","Tjallsoholmen","Timepoint 1",18,27,11,42,0,"Kristineberg"
"26","Blabergsholmen","Timepoint 2",25,31,27,24,0,"Kristineberg"
"27","Katten","Timepoint 2",35,38,23,18,0,"Kristineberg"
"28","Pittleholmen","Timepoint 2",30,30,22,21,0,"Kristineberg"
"29","Rodberget","Timepoint 2",20,25,12,23,0,"Kristineberg"
"30","Tjallsoholmen","Timepoint 2",17,36,26,21,0,"Kristineberg"
"51","Blabergsholmen","Timepoint 3",22,16,15,5,0,"Kristineberg"
"52","Katten","Timepoint 3",33,19,7,7,0,"Kristineberg"
"53","Pittleholmen","Timepoint 3",21,25,17,17,0,"Kristineberg"
"54","Rodberget","Timepoint 3",16,28,14,5,0,"Kristineberg"
"55","Tjallsoholmen","Timepoint 3",47,27,14,8,0,"Kristineberg"
"11","Badstuholmen","Timepoint 1",21,13,5,29,0,"Arendal"
"21","Langrumpa","Timepoint 1",65,35,21,27,0,"Arendal"
"31","St Helena","Timepoint 1",30,11,8,21,0,"Arendal"
"41","Sven Johnsens","Timepoint 1",12,9,6,36,0,"Arendal"
"56","Tvillingeholmen","Timepoint 1",20,14,8,33,0,"Arendal"
"261","Badstuholmen","Timepoint 2",49,42,24,14,0,"Arendal"
"271","Langrumpa","Timepoint 2",26,27,22,29,0,"Arendal"
"281","St Helena","Timepoint 2",50,52,28,33,0,"Arendal"
"291","Sven Johnsens","Timepoint 2",35,29,23,9,0,"Arendal"
"301","Tvillingeholmen","Timepoint 2",66,48,19,8,0,"Arendal"
"511","Badstuholmen","Timepoint 3",21,19,12,26,0,"Arendal"
"521","Langrumpa","Timepoint 3",13,17,3,28,0,"Arendal"
"531","St Helena","Timepoint 3",29,19,3,26,0,"Arendal"
"541","Sven Johnsens","Timepoint 3",43,24,10,13,0,"Arendal"
"551","Tvillingeholmen","Timepoint 3",32,20,12,5,0,"Arendal"
"12","Krabbavika","Timepoint 1",19,20,12,47,0,"Austevoll"
"22","Lamoya","Timepoint 1",36,25,23,25,0,"Austevoll"
"32","Saltkjaerholmane","Timepoint 1",10,22,28,35,0,"Austevoll"
"42","Ternholmen","Timepoint 1",37,41,15,25,0,"Austevoll"
"57","Tipatiskaeret","Timepoint 1",33,27,9,35,0,"Austevoll"
"262","Krabbavika","Timepoint 2",37,26,8,31,0,"Austevoll"
"272","Lamoya","Timepoint 2",56,60,13,13,0,"Austevoll"
"282","Saltkjaerholmane","Timepoint 2",35,36,19,27,0,"Austevoll"
"292","Ternholmen","Timepoint 2",89,57,24,25,0,"Austevoll"
"302","Tipatiskaeret","Timepoint 2",63,46,9,17,0,"Austevoll"
"512","Krabbavika","Timepoint 3",93,7,2,7,0,"Austevoll"
"522","Lamoya","Timepoint 3",26,5,1,4,0,"Austevoll"
"532","Saltkjaerholmane","Timepoint 3",19,2,1,1,0,"Austevoll"
"542","Ternholmen","Timepoint 3",84,6,3,17,0,"Austevoll"
"552","Tipatiskaeret","Timepoint 3",81,10,2,10,0,"Austevoll"
"13","Feoya f4-5","Timepoint 1",14,17,23,45,0,"Hitra"
"23","Steinrenningen s-8","Timepoint 1",12,15,11,47,0,"Hitra"
"33","Teistholmen 10","Timepoint 1",3,6,7,43,0,"Hitra"
"43","Teistholmen 13","Timepoint 1",25,20,16,23,0,"Hitra"
"58","Vegshiftholmane 6","Timepoint 1",8,5,9,21,0,"Hitra"
"263","Feoya f4-5","Timepoint 2",26,27,12,12,0,"Hitra"
"273","Steinrenningen s-8","Timepoint 2",24,21,10,33,0,"Hitra"
"283","Teistholmen 10","Timepoint 2",34,24,15,27,1,"Hitra"
"293","Teistholmen 13","Timepoint 2",34,18,18,35,0,"Hitra"
"303","Vegshiftholmane 6","Timepoint 2",29,29,16,32,0,"Hitra"
"513","Feoya f4-5","Timepoint 3",76,5,3,20,0,"Hitra"
"523","Steinrenningen s-8","Timepoint 3",63,2,0,22,0,"Hitra"
"533","Teistholmen 10","Timepoint 3",81,7,1,27,0,"Hitra"
"543","Teistholmen 13","Timepoint 3",53,3,4,29,0,"Hitra"
"553","Vegshiftholmane 6","Timepoint 3",70,6,1,18,0,"Hitra"
"14","Gudmunholmen","Timepoint 1",9,12,13,44,0,"Helligvaer"
"24","Kloverholmen","Timepoint 1",20,24,16,36,0,"Helligvaer"
"34","Litj-sorroy","Timepoint 1",13,23,19,40,1,"Helligvaer"
"44","Store-kvannoya","Timepoint 1",7,2,5,53,2,"Helligvaer"
"59","Tjonnoyskaeret","Timepoint 1",8,19,13,46,1,"Helligvaer"
"264","Gudmunholmen","Timepoint 2",26,32,18,35,8,"Helligvaer"
"274","Kloverholmen","Timepoint 2",15,21,16,20,4,"Helligvaer"
"284","Litj-sorroy","Timepoint 2",33,28,21,26,1,"Helligvaer"
"294","Store-kvannoya","Timepoint 2",22,17,11,19,2,"Helligvaer"
"304","Tjonnoyskaeret","Timepoint 2",15,21,10,21,8,"Helligvaer"
"514","Gudmunholmen","Timepoint 3",65,7,0,29,0,"Helligvaer"
"524","Kloverholmen","Timepoint 3",68,6,3,19,0,"Helligvaer"
"534","Litj-sorroy","Timepoint 3",5,0,1,0,0,"Helligvaer"
"544","Store-kvannoya","Timepoint 3",59,2,1,14,0,"Helligvaer"
"554","Tjonnoyskaeret","Timepoint 3",78,8,0,8,0,"Helligvaer"
"15","Dragan Hammaran","Timepoint 1",19,18,13,46,5,"Ringstad"
"25","Finnoya","Timepoint 1",12,18,12,35,23,"Ringstad"
"35","Hongvaeret","Timepoint 1",14,11,13,35,10,"Ringstad"
"45","Mikkelsoya","Timepoint 1",4,7,9,69,2,"Ringstad"
"510","Varholmen","Timepoint 1",6,25,22,22,74,"Ringstad"
"265","Dragan Hammaran","Timepoint 2",14,14,11,17,7,"Ringstad"
"275","Finnoya","Timepoint 2",40,15,5,22,20,"Ringstad"
"285","Hongvaeret","Timepoint 2",38,10,6,9,39,"Ringstad"
"295","Mikkelsoya","Timepoint 2",25,20,9,17,5,"Ringstad"
"305","Varholmen","Timepoint 2",10,30,15,20,35,"Ringstad"
"515","Dragan Hammaran","Timepoint 3",31,1,0,28,1,"Ringstad"
"525","Finnoya","Timepoint 3",76,2,0,19,3,"Ringstad"
"535","Hongvaeret","Timepoint 3",58,1,1,18,0,"Ringstad"
"545","Mikkelsoya","Timepoint 3",56,3,0,22,0,"Ringstad"
"555","Varholmen","Timepoint 3",87,5,0,17,3,"Ringstad"
